lon,lat,name
-62.25,8.25,Station_163_235
-61.75,8.25,Station_163_236
-61.25,8.25,Station_163_237
-60.75,8.25,Station_163_238
-64.25,7.75,Station_164_231
-61.25,7.75,Station_164_237
-60.75,7.75,Station_164_238
-60.25,7.75,Station_164_239
-59.75,7.75,Station_164_240
-65.25,7.25,Station_165_229
-64.25,7.25,Station_165_231
-63.75,7.25,Station_165_232
-62.25,7.25,Station_165_235
-61.75,7.25,Station_165_236
-61.25,7.25,Station_165_237
-60.75,7.25,Station_165_238
-60.25,7.25,Station_165_239
-59.75,7.25,Station_165_240
-59.25,7.25,Station_165_241
-58.75,7.25,Station_165_242
-66.25,6.75,Station_166_227
-65.75,6.75,Station_166_228
-65.25,6.75,Station_166_229
-64.75,6.75,Station_166_230
-64.25,6.75,Station_166_231
-63.75,6.75,Station_166_232
-63.25,6.75,Station_166_233
-62.75,6.75,Station_166_234
-62.25,6.75,Station_166_235
-61.75,6.75,Station_166_236
-61.25,6.75,Station_166_237
-60.75,6.75,Station_166_238
-60.25,6.75,Station_166_239
-59.75,6.75,Station_166_240
-59.25,6.75,Station_166_241
-58.75,6.75,Station_166_242
-58.25,6.75,Station_166_243
-66.75,6.25,Station_167_226
-66.25,6.25,Station_167_227
-65.75,6.25,Station_167_228
-65.25,6.25,Station_167_229
-64.75,6.25,Station_167_230
-64.25,6.25,Station_167_231
-63.75,6.25,Station_167_232
-63.25,6.25,Station_167_233
-62.75,6.25,Station_167_234
-62.25,6.25,Station_167_235
-61.75,6.25,Station_167_236
-61.25,6.25,Station_167_237
-60.75,6.25,Station_167_238
-60.25,6.25,Station_167_239
-59.75,6.25,Station_167_240
-59.25,6.25,Station_167_241
-58.75,6.25,Station_167_242
-58.25,6.25,Station_167_243
-57.75,6.25,Station_167_244
-66.75,5.75,Station_168_226
-66.25,5.75,Station_168_227
-65.75,5.75,Station_168_228
-65.25,5.75,Station_168_229
-64.75,5.75,Station_168_230
-64.25,5.75,Station_168_231
-63.75,5.75,Station_168_232
-63.25,5.75,Station_168_233
-62.75,5.75,Station_168_234
-62.25,5.75,Station_168_235
-61.75,5.75,Station_168_236
-61.25,5.75,Station_168_237
-60.75,5.75,Station_168_238
-60.25,5.75,Station_168_239
-59.75,5.75,Station_168_240
-59.25,5.75,Station_168_241
-58.75,5.75,Station_168_242
-58.25,5.75,Station_168_243
-57.75,5.75,Station_168_244
-54.75,5.75,Station_168_250
-67.25,5.25,Station_169_225
-66.75,5.25,Station_169_226
-66.25,5.25,Station_169_227
-65.75,5.25,Station_169_228
-65.25,5.25,Station_169_229
-64.75,5.25,Station_169_230
-64.25,5.25,Station_169_231
-63.75,5.25,Station_169_232
-63.25,5.25,Station_169_233
-62.75,5.25,Station_169_234
-62.25,5.25,Station_169_235
-61.75,5.25,Station_169_236
-60.75,5.25,Station_169_238
-60.25,5.25,Station_169_239
-59.75,5.25,Station_169_240
-59.25,5.25,Station_169_241
-58.75,5.25,Station_169_242
-58.25,5.25,Station_169_243
-57.75,5.25,Station_169_244
-57.25,5.25,Station_169_245
-56.75,5.25,Station_169_246
-56.25,5.25,Station_169_247
-55.75,5.25,Station_169_248
-55.25,5.25,Station_169_249
-54.75,5.25,Station_169_250
-54.25,5.25,Station_169_251
-53.75,5.25,Station_169_252
-53.25,5.25,Station_169_253
-67.25,4.75,Station_170_225
-66.75,4.75,Station_170_226
-66.25,4.75,Station_170_227
-65.75,4.75,Station_170_228
-65.25,4.75,Station_170_229
-64.75,4.75,Station_170_230
-64.25,4.75,Station_170_231
-63.75,4.75,Station_170_232
-63.25,4.75,Station_170_233
-62.75,4.75,Station_170_234
-62.25,4.75,Station_170_235
-61.75,4.75,Station_170_236
-59.25,4.75,Station_170_241
-58.75,4.75,Station_170_242
-58.25,4.75,Station_170_243
-57.75,4.75,Station_170_244
-57.25,4.75,Station_170_245
-56.75,4.75,Station_170_246
-56.25,4.75,Station_170_247
-55.75,4.75,Station_170_248
-55.25,4.75,Station_170_249
-54.75,4.75,Station_170_250
-54.25,4.75,Station_170_251
-53.75,4.75,Station_170_252
-53.25,4.75,Station_170_253
-52.75,4.75,Station_170_254
-52.25,4.75,Station_170_255
-69.75,4.25,Station_171_220
-69.25,4.25,Station_171_221
-68.75,4.25,Station_171_222
-68.25,4.25,Station_171_223
-67.75,4.25,Station_171_224
-67.25,4.25,Station_171_225
-66.75,4.25,Station_171_226
-66.25,4.25,Station_171_227
-65.75,4.25,Station_171_228
-65.25,4.25,Station_171_229
-64.75,4.25,Station_171_230
-64.25,4.25,Station_171_231
-63.75,4.25,Station_171_232
-63.25,4.25,Station_171_233
-62.75,4.25,Station_171_234
-62.25,4.25,Station_171_235
-61.75,4.25,Station_171_236
-61.25,4.25,Station_171_237
-59.25,4.25,Station_171_241
-58.75,4.25,Station_171_242
-58.25,4.25,Station_171_243
-57.75,4.25,Station_171_244
-57.25,4.25,Station_171_245
-56.75,4.25,Station_171_246
-56.25,4.25,Station_171_247
-55.75,4.25,Station_171_248
-55.25,4.25,Station_171_249
-54.75,4.25,Station_171_250
-54.25,4.25,Station_171_251
-53.75,4.25,Station_171_252
-53.25,4.25,Station_171_253
-52.75,4.25,Station_171_254
-52.25,4.25,Station_171_255
-70.75,3.75,Station_172_218
-70.25,3.75,Station_172_219
-69.75,3.75,Station_172_220
-69.25,3.75,Station_172_221
-68.75,3.75,Station_172_222
-68.25,3.75,Station_172_223
-67.25,3.75,Station_172_225
-66.75,3.75,Station_172_226
-66.25,3.75,Station_172_227
-65.75,3.75,Station_172_228
-65.25,3.75,Station_172_229
-64.75,3.75,Station_172_230
-64.25,3.75,Station_172_231
-63.75,3.75,Station_172_232
-63.25,3.75,Station_172_233
-62.75,3.75,Station_172_234
-62.25,3.75,Station_172_235
-61.75,3.75,Station_172_236
-61.25,3.75,Station_172_237
-58.75,3.75,Station_172_242
-58.25,3.75,Station_172_243
-57.75,3.75,Station_172_244
-57.25,3.75,Station_172_245
-56.75,3.75,Station_172_246
-56.25,3.75,Station_172_247
-55.75,3.75,Station_172_248
-55.25,3.75,Station_172_249
-54.75,3.75,Station_172_250
-54.25,3.75,Station_172_251
-53.75,3.75,Station_172_252
-53.25,3.75,Station_172_253
-52.75,3.75,Station_172_254
-52.25,3.75,Station_172_255
-51.75,3.75,Station_172_256
-51.25,3.75,Station_172_257
-71.25,3.25,Station_173_217
-70.75,3.25,Station_173_218
-70.25,3.25,Station_173_219
-69.75,3.25,Station_173_220
-69.25,3.25,Station_173_221
-68.75,3.25,Station_173_222
-68.25,3.25,Station_173_223
-67.75,3.25,Station_173_224
-67.25,3.25,Station_173_225
-66.75,3.25,Station_173_226
-66.25,3.25,Station_173_227
-65.75,3.25,Station_173_228
-65.25,3.25,Station_173_229
-64.75,3.25,Station_173_230
-64.25,3.25,Station_173_231
-63.75,3.25,Station_173_232
-63.25,3.25,Station_173_233
-62.75,3.25,Station_173_234
-62.25,3.25,Station_173_235
-61.75,3.25,Station_173_236
-61.25,3.25,Station_173_237
-59.25,3.25,Station_173_241
-58.75,3.25,Station_173_242
-58.25,3.25,Station_173_243
-57.75,3.25,Station_173_244
-57.25,3.25,Station_173_245
-56.75,3.25,Station_173_246
-56.25,3.25,Station_173_247
-55.75,3.25,Station_173_248
-55.25,3.25,Station_173_249
-54.75,3.25,Station_173_250
-54.25,3.25,Station_173_251
-53.75,3.25,Station_173_252
-53.25,3.25,Station_173_253
-52.75,3.25,Station_173_254
-52.25,3.25,Station_173_255
-51.75,3.25,Station_173_256
-51.25,3.25,Station_173_257
-74.25,2.75,Station_174_211
-73.75,2.75,Station_174_212
-73.25,2.75,Station_174_213
-72.75,2.75,Station_174_214
-71.75,2.75,Station_174_216
-71.25,2.75,Station_174_217
-70.75,2.75,Station_174_218
-70.25,2.75,Station_174_219
-69.75,2.75,Station_174_220
-69.25,2.75,Station_174_221
-68.75,2.75,Station_174_222
-68.25,2.75,Station_174_223
-67.75,2.75,Station_174_224
-67.25,2.75,Station_174_225
-66.75,2.75,Station_174_226
-66.25,2.75,Station_174_227
-65.75,2.75,Station_174_228
-65.25,2.75,Station_174_229
-64.75,2.75,Station_174_230
-64.25,2.75,Station_174_231
-63.75,2.75,Station_174_232
-63.25,2.75,Station_174_233
-62.75,2.75,Station_174_234
-62.25,2.75,Station_174_235
-61.75,2.75,Station_174_236
-61.25,2.75,Station_174_237
-60.75,2.75,Station_174_238
-60.25,2.75,Station_174_239
-59.75,2.75,Station_174_240
-58.75,2.75,Station_174_242
-58.25,2.75,Station_174_243
-57.75,2.75,Station_174_244
-57.25,2.75,Station_174_245
-56.75,2.75,Station_174_246
-56.25,2.75,Station_174_247
-55.75,2.75,Station_174_248
-55.25,2.75,Station_174_249
-54.75,2.75,Station_174_250
-54.25,2.75,Station_174_251
-53.75,2.75,Station_174_252
-53.25,2.75,Station_174_253
-52.75,2.75,Station_174_254
-52.25,2.75,Station_174_255
-51.75,2.75,Station_174_256
-51.25,2.75,Station_174_257
-74.75,2.25,Station_175_210
-74.25,2.25,Station_175_211
-73.75,2.25,Station_175_212
-73.25,2.25,Station_175_213
-72.75,2.25,Station_175_214
-71.75,2.25,Station_175_216
-71.25,2.25,Station_175_217
-70.75,2.25,Station_175_218
-70.25,2.25,Station_175_219
-69.75,2.25,Station_175_220
-69.25,2.25,Station_175_221
-68.75,2.25,Station_175_222
-68.25,2.25,Station_175_223
-67.75,2.25,Station_175_224
-67.25,2.25,Station_175_225
-66.75,2.25,Station_175_226
-66.25,2.25,Station_175_227
-65.75,2.25,Station_175_228
-65.25,2.25,Station_175_229
-64.75,2.25,Station_175_230
-64.25,2.25,Station_175_231
-63.75,2.25,Station_175_232
-63.25,2.25,Station_175_233
-62.75,2.25,Station_175_234
-62.25,2.25,Station_175_235
-61.75,2.25,Station_175_236
-61.25,2.25,Station_175_237
-60.75,2.25,Station_175_238
-60.25,2.25,Station_175_239
-59.75,2.25,Station_175_240
-58.75,2.25,Station_175_242
-58.25,2.25,Station_175_243
-57.75,2.25,Station_175_244
-57.25,2.25,Station_175_245
-56.75,2.25,Station_175_246
-56.25,2.25,Station_175_247
-55.75,2.25,Station_175_248
-55.25,2.25,Station_175_249
-54.75,2.25,Station_175_250
-54.25,2.25,Station_175_251
-53.75,2.25,Station_175_252
-53.25,2.25,Station_175_253
-52.75,2.25,Station_175_254
-52.25,2.25,Station_175_255
-51.75,2.25,Station_175_256
-51.25,2.25,Station_175_257
-75.25,1.75,Station_176_209
-74.25,1.75,Station_176_211
-73.25,1.75,Station_176_213
-72.75,1.75,Station_176_214
-72.25,1.75,Station_176_215
-71.75,1.75,Station_176_216
-71.25,1.75,Station_176_217
-70.75,1.75,Station_176_218
-70.25,1.75,Station_176_219
-69.75,1.75,Station_176_220
-69.25,1.75,Station_176_221
-68.75,1.75,Station_176_222
-68.25,1.75,Station_176_223
-67.75,1.75,Station_176_224
-67.25,1.75,Station_176_225
-66.75,1.75,Station_176_226
-66.25,1.75,Station_176_227
-65.75,1.75,Station_176_228
-65.25,1.75,Station_176_229
-64.75,1.75,Station_176_230
-64.25,1.75,Station_176_231
-63.75,1.75,Station_176_232
-63.25,1.75,Station_176_233
-62.75,1.75,Station_176_234
-62.25,1.75,Station_176_235
-61.75,1.75,Station_176_236
-61.25,1.75,Station_176_237
-60.75,1.75,Station_176_238
-60.25,1.75,Station_176_239
-59.75,1.75,Station_176_240
-59.25,1.75,Station_176_241
-58.75,1.75,Station_176_242
-58.25,1.75,Station_176_243
-57.75,1.75,Station_176_244
-57.25,1.75,Station_176_245
-56.75,1.75,Station_176_246
-56.25,1.75,Station_176_247
-55.25,1.75,Station_176_249
-54.75,1.75,Station_176_250
-54.25,1.75,Station_176_251
-53.75,1.75,Station_176_252
-53.25,1.75,Station_176_253
-52.75,1.75,Station_176_254
-52.25,1.75,Station_176_255
-51.75,1.75,Station_176_256
-51.25,1.75,Station_176_257
-50.75,1.75,Station_176_258
-76.25,1.25,Station_177_207
-75.75,1.25,Station_177_208
-74.25,1.25,Station_177_211
-73.75,1.25,Station_177_212
-73.25,1.25,Station_177_213
-72.75,1.25,Station_177_214
-72.25,1.25,Station_177_215
-71.75,1.25,Station_177_216
-71.25,1.25,Station_177_217
-70.75,1.25,Station_177_218
-70.25,1.25,Station_177_219
-69.75,1.25,Station_177_220
-69.25,1.25,Station_177_221
-68.75,1.25,Station_177_222
-68.25,1.25,Station_177_223
-67.75,1.25,Station_177_224
-67.25,1.25,Station_177_225
-66.75,1.25,Station_177_226
-66.25,1.25,Station_177_227
-65.75,1.25,Station_177_228
-65.25,1.25,Station_177_229
-64.75,1.25,Station_177_230
-64.25,1.25,Station_177_231
-63.75,1.25,Station_177_232
-63.25,1.25,Station_177_233
-62.75,1.25,Station_177_234
-62.25,1.25,Station_177_235
-61.75,1.25,Station_177_236
-61.25,1.25,Station_177_237
-60.75,1.25,Station_177_238
-60.25,1.25,Station_177_239
-59.75,1.25,Station_177_240
-59.25,1.25,Station_177_241
-58.75,1.25,Station_177_242
-58.25,1.25,Station_177_243
-57.75,1.25,Station_177_244
-57.25,1.25,Station_177_245
-56.75,1.25,Station_177_246
-56.25,1.25,Station_177_247
-55.75,1.25,Station_177_248
-55.25,1.25,Station_177_249
-54.75,1.25,Station_177_250
-54.25,1.25,Station_177_251
-53.75,1.25,Station_177_252
-53.25,1.25,Station_177_253
-52.75,1.25,Station_177_254
-52.25,1.25,Station_177_255
-51.75,1.25,Station_177_256
-51.25,1.25,Station_177_257
-76.75,0.75,Station_178_206
-76.25,0.75,Station_178_207
-75.75,0.75,Station_178_208
-75.25,0.75,Station_178_209
-74.75,0.75,Station_178_210
-74.25,0.75,Station_178_211
-73.75,0.75,Station_178_212
-73.25,0.75,Station_178_213
-72.75,0.75,Station_178_214
-72.25,0.75,Station_178_215
-71.75,0.75,Station_178_216
-71.25,0.75,Station_178_217
-70.75,0.75,Station_178_218
-70.25,0.75,Station_178_219
-69.75,0.75,Station_178_220
-69.25,0.75,Station_178_221
-68.75,0.75,Station_178_222
-68.25,0.75,Station_178_223
-67.75,0.75,Station_178_224
-67.25,0.75,Station_178_225
-66.75,0.75,Station_178_226
-66.25,0.75,Station_178_227
-65.75,0.75,Station_178_228
-65.25,0.75,Station_178_229
-64.75,0.75,Station_178_230
-64.25,0.75,Station_178_231
-63.75,0.75,Station_178_232
-63.25,0.75,Station_178_233
-62.75,0.75,Station_178_234
-62.25,0.75,Station_178_235
-61.75,0.75,Station_178_236
-61.25,0.75,Station_178_237
-60.75,0.75,Station_178_238
-60.25,0.75,Station_178_239
-59.75,0.75,Station_178_240
-59.25,0.75,Station_178_241
-58.75,0.75,Station_178_242
-58.25,0.75,Station_178_243
-57.75,0.75,Station_178_244
-57.25,0.75,Station_178_245
-56.75,0.75,Station_178_246
-56.25,0.75,Station_178_247
-55.75,0.75,Station_178_248
-55.25,0.75,Station_178_249
-54.75,0.75,Station_178_250
-54.25,0.75,Station_178_251
-53.75,0.75,Station_178_252
-53.25,0.75,Station_178_253
-52.75,0.75,Station_178_254
-52.25,0.75,Station_178_255
-51.75,0.75,Station_178_256
-51.25,0.75,Station_178_257
-76.75,0.25,Station_179_206
-76.25,0.25,Station_179_207
-75.75,0.25,Station_179_208
-75.25,0.25,Station_179_209
-74.75,0.25,Station_179_210
-74.25,0.25,Station_179_211
-73.75,0.25,Station_179_212
-73.25,0.25,Station_179_213
-72.75,0.25,Station_179_214
-72.25,0.25,Station_179_215
-71.75,0.25,Station_179_216
-71.25,0.25,Station_179_217
-70.75,0.25,Station_179_218
-70.25,0.25,Station_179_219
-69.75,0.25,Station_179_220
-69.25,0.25,Station_179_221
-68.75,0.25,Station_179_222
-68.25,0.25,Station_179_223
-67.75,0.25,Station_179_224
-67.25,0.25,Station_179_225
-66.75,0.25,Station_179_226
-66.25,0.25,Station_179_227
-65.75,0.25,Station_179_228
-65.25,0.25,Station_179_229
-64.75,0.25,Station_179_230
-64.25,0.25,Station_179_231
-63.75,0.25,Station_179_232
-63.25,0.25,Station_179_233
-62.75,0.25,Station_179_234
-61.75,0.25,Station_179_236
-61.25,0.25,Station_179_237
-60.75,0.25,Station_179_238
-60.25,0.25,Station_179_239
-59.75,0.25,Station_179_240
-59.25,0.25,Station_179_241
-58.75,0.25,Station_179_242
-58.25,0.25,Station_179_243
-57.75,0.25,Station_179_244
-57.25,0.25,Station_179_245
-56.75,0.25,Station_179_246
-56.25,0.25,Station_179_247
-55.75,0.25,Station_179_248
-55.25,0.25,Station_179_249
-54.75,0.25,Station_179_250
-54.25,0.25,Station_179_251
-53.75,0.25,Station_179_252
-53.25,0.25,Station_179_253
-52.75,0.25,Station_179_254
-52.25,0.25,Station_179_255
-51.75,0.25,Station_179_256
-51.25,0.25,Station_179_257
-77.75,-0.25,Station_180_204
-77.25,-0.25,Station_180_205
-76.75,-0.25,Station_180_206
-76.25,-0.25,Station_180_207
-75.75,-0.25,Station_180_208
-75.25,-0.25,Station_180_209
-74.75,-0.25,Station_180_210
-74.25,-0.25,Station_180_211
-73.75,-0.25,Station_180_212
-73.25,-0.25,Station_180_213
-72.75,-0.25,Station_180_214
-72.25,-0.25,Station_180_215
-71.75,-0.25,Station_180_216
-71.25,-0.25,Station_180_217
-70.75,-0.25,Station_180_218
-70.25,-0.25,Station_180_219
-69.75,-0.25,Station_180_220
-69.25,-0.25,Station_180_221
-68.75,-0.25,Station_180_222
-68.25,-0.25,Station_180_223
-67.75,-0.25,Station_180_224
-67.25,-0.25,Station_180_225
-66.75,-0.25,Station_180_226
-66.25,-0.25,Station_180_227
-65.75,-0.25,Station_180_228
-65.25,-0.25,Station_180_229
-64.75,-0.25,Station_180_230
-64.25,-0.25,Station_180_231
-63.75,-0.25,Station_180_232
-63.25,-0.25,Station_180_233
-62.75,-0.25,Station_180_234
-62.25,-0.25,Station_180_235
-61.75,-0.25,Station_180_236
-61.25,-0.25,Station_180_237
-60.75,-0.25,Station_180_238
-60.25,-0.25,Station_180_239
-59.75,-0.25,Station_180_240
-59.25,-0.25,Station_180_241
-58.75,-0.25,Station_180_242
-58.25,-0.25,Station_180_243
-57.75,-0.25,Station_180_244
-57.25,-0.25,Station_180_245
-56.75,-0.25,Station_180_246
-56.25,-0.25,Station_180_247
-55.75,-0.25,Station_180_248
-55.25,-0.25,Station_180_249
-54.75,-0.25,Station_180_250
-54.25,-0.25,Station_180_251
-53.75,-0.25,Station_180_252
-53.25,-0.25,Station_180_253
-52.75,-0.25,Station_180_254
-52.25,-0.25,Station_180_255
-51.75,-0.25,Station_180_256
-51.25,-0.25,Station_180_257
-50.75,-0.25,Station_180_258
-50.25,-0.25,Station_180_259
-49.75,-0.25,Station_180_260
-77.75,-0.75,Station_181_204
-77.25,-0.75,Station_181_205
-76.75,-0.75,Station_181_206
-76.25,-0.75,Station_181_207
-75.75,-0.75,Station_181_208
-75.25,-0.75,Station_181_209
-74.75,-0.75,Station_181_210
-74.25,-0.75,Station_181_211
-73.75,-0.75,Station_181_212
-73.25,-0.75,Station_181_213
-72.75,-0.75,Station_181_214
-72.25,-0.75,Station_181_215
-71.75,-0.75,Station_181_216
-71.25,-0.75,Station_181_217
-70.75,-0.75,Station_181_218
-70.25,-0.75,Station_181_219
-69.75,-0.75,Station_181_220
-69.25,-0.75,Station_181_221
-68.75,-0.75,Station_181_222
-68.25,-0.75,Station_181_223
-67.75,-0.75,Station_181_224
-67.25,-0.75,Station_181_225
-66.75,-0.75,Station_181_226
-66.25,-0.75,Station_181_227
-65.75,-0.75,Station_181_228
-65.25,-0.75,Station_181_229
-64.75,-0.75,Station_181_230
-64.25,-0.75,Station_181_231
-63.75,-0.75,Station_181_232
-63.25,-0.75,Station_181_233
-62.75,-0.75,Station_181_234
-62.25,-0.75,Station_181_235
-61.75,-0.75,Station_181_236
-61.25,-0.75,Station_181_237
-60.75,-0.75,Station_181_238
-60.25,-0.75,Station_181_239
-59.75,-0.75,Station_181_240
-59.25,-0.75,Station_181_241
-58.75,-0.75,Station_181_242
-58.25,-0.75,Station_181_243
-57.75,-0.75,Station_181_244
-57.25,-0.75,Station_181_245
-56.75,-0.75,Station_181_246
-56.25,-0.75,Station_181_247
-55.75,-0.75,Station_181_248
-55.25,-0.75,Station_181_249
-54.75,-0.75,Station_181_250
-54.25,-0.75,Station_181_251
-53.75,-0.75,Station_181_252
-53.25,-0.75,Station_181_253
-52.75,-0.75,Station_181_254
-52.25,-0.75,Station_181_255
-51.75,-0.75,Station_181_256
-51.25,-0.75,Station_181_257
-50.75,-0.75,Station_181_258
-50.25,-0.75,Station_181_259
-49.75,-0.75,Station_181_260
-49.25,-0.75,Station_181_261
-47.75,-0.75,Station_181_264
-47.25,-0.75,Station_181_265
-78.25,-1.25,Station_182_203
-77.75,-1.25,Station_182_204
-77.25,-1.25,Station_182_205
-76.75,-1.25,Station_182_206
-76.25,-1.25,Station_182_207
-75.75,-1.25,Station_182_208
-75.25,-1.25,Station_182_209
-74.75,-1.25,Station_182_210
-74.25,-1.25,Station_182_211
-73.75,-1.25,Station_182_212
-73.25,-1.25,Station_182_213
-72.75,-1.25,Station_182_214
-72.25,-1.25,Station_182_215
-71.75,-1.25,Station_182_216
-71.25,-1.25,Station_182_217
-70.75,-1.25,Station_182_218
-70.25,-1.25,Station_182_219
-69.75,-1.25,Station_182_220
-69.25,-1.25,Station_182_221
-68.75,-1.25,Station_182_222
-68.25,-1.25,Station_182_223
-67.75,-1.25,Station_182_224
-67.25,-1.25,Station_182_225
-66.75,-1.25,Station_182_226
-66.25,-1.25,Station_182_227
-65.75,-1.25,Station_182_228
-65.25,-1.25,Station_182_229
-64.75,-1.25,Station_182_230
-64.25,-1.25,Station_182_231
-63.75,-1.25,Station_182_232
-63.25,-1.25,Station_182_233
-62.75,-1.25,Station_182_234
-62.25,-1.25,Station_182_235
-61.75,-1.25,Station_182_236
-61.25,-1.25,Station_182_237
-60.75,-1.25,Station_182_238
-60.25,-1.25,Station_182_239
-59.75,-1.25,Station_182_240
-59.25,-1.25,Station_182_241
-58.75,-1.25,Station_182_242
-58.25,-1.25,Station_182_243
-57.75,-1.25,Station_182_244
-57.25,-1.25,Station_182_245
-56.75,-1.25,Station_182_246
-56.25,-1.25,Station_182_247
-55.75,-1.25,Station_182_248
-55.25,-1.25,Station_182_249
-54.75,-1.25,Station_182_250
-54.25,-1.25,Station_182_251
-53.75,-1.25,Station_182_252
-53.25,-1.25,Station_182_253
-52.75,-1.25,Station_182_254
-52.25,-1.25,Station_182_255
-51.75,-1.25,Station_182_256
-51.25,-1.25,Station_182_257
-50.75,-1.25,Station_182_258
-50.25,-1.25,Station_182_259
-49.75,-1.25,Station_182_260
-49.25,-1.25,Station_182_261
-48.75,-1.25,Station_182_262
-48.25,-1.25,Station_182_263
-47.75,-1.25,Station_182_264
-47.25,-1.25,Station_182_265
-46.75,-1.25,Station_182_266
-46.25,-1.25,Station_182_267
-77.75,-1.75,Station_183_204
-77.25,-1.75,Station_183_205
-76.75,-1.75,Station_183_206
-76.25,-1.75,Station_183_207
-75.75,-1.75,Station_183_208
-75.25,-1.75,Station_183_209
-74.75,-1.75,Station_183_210
-74.25,-1.75,Station_183_211
-73.75,-1.75,Station_183_212
-73.25,-1.75,Station_183_213
-72.75,-1.75,Station_183_214
-72.25,-1.75,Station_183_215
-71.75,-1.75,Station_183_216
-71.25,-1.75,Station_183_217
-70.75,-1.75,Station_183_218
-70.25,-1.75,Station_183_219
-69.75,-1.75,Station_183_220
-69.25,-1.75,Station_183_221
-68.75,-1.75,Station_183_222
-68.25,-1.75,Station_183_223
-67.75,-1.75,Station_183_224
-67.25,-1.75,Station_183_225
-66.75,-1.75,Station_183_226
-66.25,-1.75,Station_183_227
-65.75,-1.75,Station_183_228
-65.25,-1.75,Station_183_229
-64.75,-1.75,Station_183_230
-64.25,-1.75,Station_183_231
-63.75,-1.75,Station_183_232
-63.25,-1.75,Station_183_233
-62.75,-1.75,Station_183_234
-62.25,-1.75,Station_183_235
-61.75,-1.75,Station_183_236
-61.25,-1.75,Station_183_237
-60.75,-1.75,Station_183_238
-60.25,-1.75,Station_183_239
-59.75,-1.75,Station_183_240
-59.25,-1.75,Station_183_241
-58.75,-1.75,Station_183_242
-58.25,-1.75,Station_183_243
-57.75,-1.75,Station_183_244
-57.25,-1.75,Station_183_245
-56.75,-1.75,Station_183_246
-56.25,-1.75,Station_183_247
-55.75,-1.75,Station_183_248
-55.25,-1.75,Station_183_249
-54.75,-1.75,Station_183_250
-54.25,-1.75,Station_183_251
-53.75,-1.75,Station_183_252
-53.25,-1.75,Station_183_253
-52.75,-1.75,Station_183_254
-52.25,-1.75,Station_183_255
-51.75,-1.75,Station_183_256
-51.25,-1.75,Station_183_257
-50.75,-1.75,Station_183_258
-50.25,-1.75,Station_183_259
-49.75,-1.75,Station_183_260
-49.25,-1.75,Station_183_261
-48.75,-1.75,Station_183_262
-48.25,-1.75,Station_183_263
-47.75,-1.75,Station_183_264
-47.25,-1.75,Station_183_265
-46.25,-1.75,Station_183_267
-45.75,-1.75,Station_183_268
-45.25,-1.75,Station_183_269
-44.75,-1.75,Station_183_270
-78.25,-2.25,Station_184_203
-77.75,-2.25,Station_184_204
-77.25,-2.25,Station_184_205
-76.75,-2.25,Station_184_206
-76.25,-2.25,Station_184_207
-75.75,-2.25,Station_184_208
-75.25,-2.25,Station_184_209
-74.75,-2.25,Station_184_210
-74.25,-2.25,Station_184_211
-73.75,-2.25,Station_184_212
-73.25,-2.25,Station_184_213
-72.75,-2.25,Station_184_214
-72.25,-2.25,Station_184_215
-71.75,-2.25,Station_184_216
-71.25,-2.25,Station_184_217
-70.75,-2.25,Station_184_218
-70.25,-2.25,Station_184_219
-69.75,-2.25,Station_184_220
-69.25,-2.25,Station_184_221
-68.75,-2.25,Station_184_222
-68.25,-2.25,Station_184_223
-67.75,-2.25,Station_184_224
-67.25,-2.25,Station_184_225
-66.75,-2.25,Station_184_226
-66.25,-2.25,Station_184_227
-65.75,-2.25,Station_184_228
-65.25,-2.25,Station_184_229
-64.75,-2.25,Station_184_230
-64.25,-2.25,Station_184_231
-63.75,-2.25,Station_184_232
-63.25,-2.25,Station_184_233
-62.75,-2.25,Station_184_234
-62.25,-2.25,Station_184_235
-61.75,-2.25,Station_184_236
-61.25,-2.25,Station_184_237
-60.75,-2.25,Station_184_238
-60.25,-2.25,Station_184_239
-59.75,-2.25,Station_184_240
-59.25,-2.25,Station_184_241
-58.75,-2.25,Station_184_242
-58.25,-2.25,Station_184_243
-57.75,-2.25,Station_184_244
-57.25,-2.25,Station_184_245
-56.75,-2.25,Station_184_246
-55.75,-2.25,Station_184_248
-55.25,-2.25,Station_184_249
-53.75,-2.25,Station_184_252
-53.25,-2.25,Station_184_253
-52.75,-2.25,Station_184_254
-52.25,-2.25,Station_184_255
-51.75,-2.25,Station_184_256
-51.25,-2.25,Station_184_257
-50.75,-2.25,Station_184_258
-50.25,-2.25,Station_184_259
-49.75,-2.25,Station_184_260
-49.25,-2.25,Station_184_261
-48.75,-2.25,Station_184_262
-48.25,-2.25,Station_184_263
-47.75,-2.25,Station_184_264
-46.75,-2.25,Station_184_266
-46.25,-2.25,Station_184_267
-45.25,-2.25,Station_184_269
-44.75,-2.25,Station_184_270
-78.25,-2.75,Station_185_203
-77.75,-2.75,Station_185_204
-77.25,-2.75,Station_185_205
-76.75,-2.75,Station_185_206
-76.25,-2.75,Station_185_207
-75.75,-2.75,Station_185_208
-75.25,-2.75,Station_185_209
-74.75,-2.75,Station_185_210
-74.25,-2.75,Station_185_211
-73.75,-2.75,Station_185_212
-73.25,-2.75,Station_185_213
-72.75,-2.75,Station_185_214
-72.25,-2.75,Station_185_215
-71.75,-2.75,Station_185_216
-71.25,-2.75,Station_185_217
-70.75,-2.75,Station_185_218
-70.25,-2.75,Station_185_219
-69.75,-2.75,Station_185_220
-69.25,-2.75,Station_185_221
-68.75,-2.75,Station_185_222
-68.25,-2.75,Station_185_223
-67.75,-2.75,Station_185_224
-67.25,-2.75,Station_185_225
-66.75,-2.75,Station_185_226
-66.25,-2.75,Station_185_227
-65.75,-2.75,Station_185_228
-65.25,-2.75,Station_185_229
-64.75,-2.75,Station_185_230
-64.25,-2.75,Station_185_231
-63.75,-2.75,Station_185_232
-63.25,-2.75,Station_185_233
-62.75,-2.75,Station_185_234
-62.25,-2.75,Station_185_235
-61.75,-2.75,Station_185_236
-61.25,-2.75,Station_185_237
-60.75,-2.75,Station_185_238
-60.25,-2.75,Station_185_239
-59.75,-2.75,Station_185_240
-59.25,-2.75,Station_185_241
-58.75,-2.75,Station_185_242
-58.25,-2.75,Station_185_243
-57.75,-2.75,Station_185_244
-57.25,-2.75,Station_185_245
-56.25,-2.75,Station_185_247
-55.75,-2.75,Station_185_248
-55.25,-2.75,Station_185_249
-54.75,-2.75,Station_185_250
-54.25,-2.75,Station_185_251
-53.75,-2.75,Station_185_252
-53.25,-2.75,Station_185_253
-52.75,-2.75,Station_185_254
-52.25,-2.75,Station_185_255
-51.75,-2.75,Station_185_256
-51.25,-2.75,Station_185_257
-50.75,-2.75,Station_185_258
-50.25,-2.75,Station_185_259
-49.75,-2.75,Station_185_260
-49.25,-2.75,Station_185_261
-48.75,-2.75,Station_185_262
-48.25,-2.75,Station_185_263
-47.75,-2.75,Station_185_264
-47.25,-2.75,Station_185_265
-46.75,-2.75,Station_185_266
-46.25,-2.75,Station_185_267
-45.75,-2.75,Station_185_268
-44.75,-2.75,Station_185_270
-78.25,-3.25,Station_186_203
-77.75,-3.25,Station_186_204
-77.25,-3.25,Station_186_205
-76.25,-3.25,Station_186_207
-75.25,-3.25,Station_186_209
-74.75,-3.25,Station_186_210
-74.25,-3.25,Station_186_211
-73.75,-3.25,Station_186_212
-73.25,-3.25,Station_186_213
-72.75,-3.25,Station_186_214
-72.25,-3.25,Station_186_215
-71.75,-3.25,Station_186_216
-71.25,-3.25,Station_186_217
-70.75,-3.25,Station_186_218
-70.25,-3.25,Station_186_219
-69.75,-3.25,Station_186_220
-69.25,-3.25,Station_186_221
-68.75,-3.25,Station_186_222
-68.25,-3.25,Station_186_223
-67.75,-3.25,Station_186_224
-67.25,-3.25,Station_186_225
-66.75,-3.25,Station_186_226
-66.25,-3.25,Station_186_227
-65.75,-3.25,Station_186_228
-65.25,-3.25,Station_186_229
-64.75,-3.25,Station_186_230
-64.25,-3.25,Station_186_231
-63.75,-3.25,Station_186_232
-63.25,-3.25,Station_186_233
-62.75,-3.25,Station_186_234
-62.25,-3.25,Station_186_235
-61.75,-3.25,Station_186_236
-61.25,-3.25,Station_186_237
-60.75,-3.25,Station_186_238
-60.25,-3.25,Station_186_239
-59.75,-3.25,Station_186_240
-59.25,-3.25,Station_186_241
-58.75,-3.25,Station_186_242
-58.25,-3.25,Station_186_243
-57.75,-3.25,Station_186_244
-57.25,-3.25,Station_186_245
-56.75,-3.25,Station_186_246
-56.25,-3.25,Station_186_247
-55.75,-3.25,Station_186_248
-55.25,-3.25,Station_186_249
-54.75,-3.25,Station_186_250
-54.25,-3.25,Station_186_251
-53.75,-3.25,Station_186_252
-53.25,-3.25,Station_186_253
-52.75,-3.25,Station_186_254
-52.25,-3.25,Station_186_255
-51.75,-3.25,Station_186_256
-51.25,-3.25,Station_186_257
-50.75,-3.25,Station_186_258
-50.25,-3.25,Station_186_259
-49.75,-3.25,Station_186_260
-49.25,-3.25,Station_186_261
-48.75,-3.25,Station_186_262
-48.25,-3.25,Station_186_263
-47.75,-3.25,Station_186_264
-47.25,-3.25,Station_186_265
-46.75,-3.25,Station_186_266
-46.25,-3.25,Station_186_267
-45.75,-3.25,Station_186_268
-45.25,-3.25,Station_186_269
-44.75,-3.25,Station_186_270
-78.75,-3.75,Station_187_202
-78.25,-3.75,Station_187_203
-77.75,-3.75,Station_187_204
-77.25,-3.75,Station_187_205
-73.75,-3.75,Station_187_212
-73.25,-3.75,Station_187_213
-72.75,-3.75,Station_187_214
-72.25,-3.75,Station_187_215
-71.75,-3.75,Station_187_216
-71.25,-3.75,Station_187_217
-70.75,-3.75,Station_187_218
-69.75,-3.75,Station_187_220
-69.25,-3.75,Station_187_221
-68.75,-3.75,Station_187_222
-68.25,-3.75,Station_187_223
-67.75,-3.75,Station_187_224
-67.25,-3.75,Station_187_225
-66.75,-3.75,Station_187_226
-66.25,-3.75,Station_187_227
-65.75,-3.75,Station_187_228
-65.25,-3.75,Station_187_229
-64.75,-3.75,Station_187_230
-64.25,-3.75,Station_187_231
-63.75,-3.75,Station_187_232
-63.25,-3.75,Station_187_233
-62.75,-3.75,Station_187_234
-62.25,-3.75,Station_187_235
-61.75,-3.75,Station_187_236
-61.25,-3.75,Station_187_237
-60.75,-3.75,Station_187_238
-60.25,-3.75,Station_187_239
-59.75,-3.75,Station_187_240
-59.25,-3.75,Station_187_241
-58.75,-3.75,Station_187_242
-58.25,-3.75,Station_187_243
-57.75,-3.75,Station_187_244
-57.25,-3.75,Station_187_245
-56.75,-3.75,Station_187_246
-56.25,-3.75,Station_187_247
-55.75,-3.75,Station_187_248
-55.25,-3.75,Station_187_249
-54.75,-3.75,Station_187_250
-54.25,-3.75,Station_187_251
-53.75,-3.75,Station_187_252
-53.25,-3.75,Station_187_253
-52.75,-3.75,Station_187_254
-52.25,-3.75,Station_187_255
-51.75,-3.75,Station_187_256
-51.25,-3.75,Station_187_257
-50.75,-3.75,Station_187_258
-50.25,-3.75,Station_187_259
-49.75,-3.75,Station_187_260
-48.75,-3.75,Station_187_262
-48.25,-3.75,Station_187_263
-47.75,-3.75,Station_187_264
-47.25,-3.75,Station_187_265
-46.75,-3.75,Station_187_266
-46.25,-3.75,Station_187_267
-45.75,-3.75,Station_187_268
-44.25,-3.75,Station_187_271
-78.75,-4.25,Station_188_202
-78.25,-4.25,Station_188_203
-77.75,-4.25,Station_188_204
-77.25,-4.25,Station_188_205
-73.75,-4.25,Station_188_212
-73.25,-4.25,Station_188_213
-72.75,-4.25,Station_188_214
-72.25,-4.25,Station_188_215
-71.75,-4.25,Station_188_216
-71.25,-4.25,Station_188_217
-70.75,-4.25,Station_188_218
-70.25,-4.25,Station_188_219
-69.75,-4.25,Station_188_220
-69.25,-4.25,Station_188_221
-68.75,-4.25,Station_188_222
-68.25,-4.25,Station_188_223
-67.75,-4.25,Station_188_224
-67.25,-4.25,Station_188_225
-66.75,-4.25,Station_188_226
-66.25,-4.25,Station_188_227
-65.75,-4.25,Station_188_228
-65.25,-4.25,Station_188_229
-64.75,-4.25,Station_188_230
-64.25,-4.25,Station_188_231
-63.75,-4.25,Station_188_232
-63.25,-4.25,Station_188_233
-62.75,-4.25,Station_188_234
-62.25,-4.25,Station_188_235
-61.75,-4.25,Station_188_236
-61.25,-4.25,Station_188_237
-60.75,-4.25,Station_188_238
-60.25,-4.25,Station_188_239
-59.75,-4.25,Station_188_240
-59.25,-4.25,Station_188_241
-58.75,-4.25,Station_188_242
-58.25,-4.25,Station_188_243
-57.75,-4.25,Station_188_244
-57.25,-4.25,Station_188_245
-56.75,-4.25,Station_188_246
-56.25,-4.25,Station_188_247
-55.75,-4.25,Station_188_248
-55.25,-4.25,Station_188_249
-54.75,-4.25,Station_188_250
-54.25,-4.25,Station_188_251
-53.75,-4.25,Station_188_252
-53.25,-4.25,Station_188_253
-52.75,-4.25,Station_188_254
-52.25,-4.25,Station_188_255
-51.75,-4.25,Station_188_256
-51.25,-4.25,Station_188_257
-50.75,-4.25,Station_188_258
-50.25,-4.25,Station_188_259
-49.75,-4.25,Station_188_260
-49.25,-4.25,Station_188_261
-48.25,-4.25,Station_188_263
-47.75,-4.25,Station_188_264
-47.25,-4.25,Station_188_265
-45.75,-4.25,Station_188_268
-44.25,-4.25,Station_188_271
-78.75,-4.75,Station_189_202
-78.25,-4.75,Station_189_203
-77.75,-4.75,Station_189_204
-77.25,-4.75,Station_189_205
-73.25,-4.75,Station_189_213
-72.75,-4.75,Station_189_214
-72.25,-4.75,Station_189_215
-71.75,-4.75,Station_189_216
-71.25,-4.75,Station_189_217
-70.75,-4.75,Station_189_218
-70.25,-4.75,Station_189_219
-69.75,-4.75,Station_189_220
-69.25,-4.75,Station_189_221
-68.75,-4.75,Station_189_222
-68.25,-4.75,Station_189_223
-67.75,-4.75,Station_189_224
-67.25,-4.75,Station_189_225
-66.75,-4.75,Station_189_226
-66.25,-4.75,Station_189_227
-65.75,-4.75,Station_189_228
-65.25,-4.75,Station_189_229
-64.75,-4.75,Station_189_230
-64.25,-4.75,Station_189_231
-63.75,-4.75,Station_189_232
-63.25,-4.75,Station_189_233
-62.75,-4.75,Station_189_234
-62.25,-4.75,Station_189_235
-61.75,-4.75,Station_189_236
-61.25,-4.75,Station_189_237
-60.75,-4.75,Station_189_238
-60.25,-4.75,Station_189_239
-59.75,-4.75,Station_189_240
-59.25,-4.75,Station_189_241
-58.75,-4.75,Station_189_242
-58.25,-4.75,Station_189_243
-57.75,-4.75,Station_189_244
-57.25,-4.75,Station_189_245
-56.75,-4.75,Station_189_246
-56.25,-4.75,Station_189_247
-55.75,-4.75,Station_189_248
-55.25,-4.75,Station_189_249
-54.75,-4.75,Station_189_250
-54.25,-4.75,Station_189_251
-53.75,-4.75,Station_189_252
-53.25,-4.75,Station_189_253
-52.75,-4.75,Station_189_254
-52.25,-4.75,Station_189_255
-51.75,-4.75,Station_189_256
-51.25,-4.75,Station_189_257
-50.75,-4.75,Station_189_258
-50.25,-4.75,Station_189_259
-49.75,-4.75,Station_189_260
-49.25,-4.75,Station_189_261
-48.25,-4.75,Station_189_263
-47.75,-4.75,Station_189_264
-46.25,-4.75,Station_189_267
-45.75,-4.75,Station_189_268
-45.25,-4.75,Station_189_269
-44.75,-4.75,Station_189_270
-44.25,-4.75,Station_189_271
-78.75,-5.25,Station_190_202
-78.25,-5.25,Station_190_203
-77.75,-5.25,Station_190_204
-77.25,-5.25,Station_190_205
-76.75,-5.25,Station_190_206
-76.25,-5.25,Station_190_207
-73.25,-5.25,Station_190_213
-72.75,-5.25,Station_190_214
-72.25,-5.25,Station_190_215
-71.75,-5.25,Station_190_216
-71.25,-5.25,Station_190_217
-70.75,-5.25,Station_190_218
-70.25,-5.25,Station_190_219
-69.75,-5.25,Station_190_220
-69.25,-5.25,Station_190_221
-68.75,-5.25,Station_190_222
-68.25,-5.25,Station_190_223
-67.75,-5.25,Station_190_224
-67.25,-5.25,Station_190_225
-66.75,-5.25,Station_190_226
-66.25,-5.25,Station_190_227
-65.75,-5.25,Station_190_228
-65.25,-5.25,Station_190_229
-64.75,-5.25,Station_190_230
-64.25,-5.25,Station_190_231
-63.75,-5.25,Station_190_232
-63.25,-5.25,Station_190_233
-62.75,-5.25,Station_190_234
-62.25,-5.25,Station_190_235
-61.75,-5.25,Station_190_236
-61.25,-5.25,Station_190_237
-60.75,-5.25,Station_190_238
-60.25,-5.25,Station_190_239
-59.75,-5.25,Station_190_240
-59.25,-5.25,Station_190_241
-58.75,-5.25,Station_190_242
-58.25,-5.25,Station_190_243
-57.75,-5.25,Station_190_244
-57.25,-5.25,Station_190_245
-56.75,-5.25,Station_190_246
-56.25,-5.25,Station_190_247
-55.75,-5.25,Station_190_248
-55.25,-5.25,Station_190_249
-54.75,-5.25,Station_190_250
-54.25,-5.25,Station_190_251
-53.75,-5.25,Station_190_252
-53.25,-5.25,Station_190_253
-52.75,-5.25,Station_190_254
-52.25,-5.25,Station_190_255
-51.75,-5.25,Station_190_256
-51.25,-5.25,Station_190_257
-50.75,-5.25,Station_190_258
-50.25,-5.25,Station_190_259
-49.75,-5.25,Station_190_260
-49.25,-5.25,Station_190_261
-48.75,-5.25,Station_190_262
-47.25,-5.25,Station_190_265
-46.25,-5.25,Station_190_267
-45.75,-5.25,Station_190_268
-45.25,-5.25,Station_190_269
-44.75,-5.25,Station_190_270
-77.75,-5.75,Station_191_204
-77.25,-5.75,Station_191_205
-76.75,-5.75,Station_191_206
-76.25,-5.75,Station_191_207
-75.75,-5.75,Station_191_208
-75.25,-5.75,Station_191_209
-73.25,-5.75,Station_191_213
-72.75,-5.75,Station_191_214
-72.25,-5.75,Station_191_215
-71.75,-5.75,Station_191_216
-71.25,-5.75,Station_191_217
-70.75,-5.75,Station_191_218
-70.25,-5.75,Station_191_219
-69.75,-5.75,Station_191_220
-69.25,-5.75,Station_191_221
-68.75,-5.75,Station_191_222
-68.25,-5.75,Station_191_223
-67.75,-5.75,Station_191_224
-67.25,-5.75,Station_191_225
-66.75,-5.75,Station_191_226
-66.25,-5.75,Station_191_227
-65.75,-5.75,Station_191_228
-65.25,-5.75,Station_191_229
-64.75,-5.75,Station_191_230
-64.25,-5.75,Station_191_231
-63.75,-5.75,Station_191_232
-63.25,-5.75,Station_191_233
-62.75,-5.75,Station_191_234
-62.25,-5.75,Station_191_235
-61.75,-5.75,Station_191_236
-61.25,-5.75,Station_191_237
-60.75,-5.75,Station_191_238
-60.25,-5.75,Station_191_239
-59.75,-5.75,Station_191_240
-59.25,-5.75,Station_191_241
-58.75,-5.75,Station_191_242
-58.25,-5.75,Station_191_243
-57.75,-5.75,Station_191_244
-57.25,-5.75,Station_191_245
-56.75,-5.75,Station_191_246
-56.25,-5.75,Station_191_247
-55.75,-5.75,Station_191_248
-55.25,-5.75,Station_191_249
-54.75,-5.75,Station_191_250
-54.25,-5.75,Station_191_251
-53.75,-5.75,Station_191_252
-53.25,-5.75,Station_191_253
-52.75,-5.75,Station_191_254
-52.25,-5.75,Station_191_255
-51.75,-5.75,Station_191_256
-51.25,-5.75,Station_191_257
-50.75,-5.75,Station_191_258
-50.25,-5.75,Station_191_259
-49.75,-5.75,Station_191_260
-48.25,-5.75,Station_191_263
-47.25,-5.75,Station_191_265
-46.75,-5.75,Station_191_266
-46.25,-5.75,Station_191_267
-45.75,-5.75,Station_191_268
-45.25,-5.75,Station_191_269
-77.75,-6.25,Station_192_204
-77.25,-6.25,Station_192_205
-76.75,-6.25,Station_192_206
-76.25,-6.25,Station_192_207
-75.75,-6.25,Station_192_208
-75.25,-6.25,Station_192_209
-73.75,-6.25,Station_192_212
-73.25,-6.25,Station_192_213
-72.75,-6.25,Station_192_214
-72.25,-6.25,Station_192_215
-71.75,-6.25,Station_192_216
-71.25,-6.25,Station_192_217
-70.75,-6.25,Station_192_218
-70.25,-6.25,Station_192_219
-69.75,-6.25,Station_192_220
-69.25,-6.25,Station_192_221
-68.75,-6.25,Station_192_222
-68.25,-6.25,Station_192_223
-67.75,-6.25,Station_192_224
-67.25,-6.25,Station_192_225
-66.75,-6.25,Station_192_226
-66.25,-6.25,Station_192_227
-65.75,-6.25,Station_192_228
-65.25,-6.25,Station_192_229
-64.75,-6.25,Station_192_230
-64.25,-6.25,Station_192_231
-63.75,-6.25,Station_192_232
-63.25,-6.25,Station_192_233
-62.75,-6.25,Station_192_234
-62.25,-6.25,Station_192_235
-61.75,-6.25,Station_192_236
-61.25,-6.25,Station_192_237
-60.75,-6.25,Station_192_238
-60.25,-6.25,Station_192_239
-59.75,-6.25,Station_192_240
-59.25,-6.25,Station_192_241
-58.75,-6.25,Station_192_242
-58.25,-6.25,Station_192_243
-57.75,-6.25,Station_192_244
-57.25,-6.25,Station_192_245
-56.75,-6.25,Station_192_246
-56.25,-6.25,Station_192_247
-55.75,-6.25,Station_192_248
-55.25,-6.25,Station_192_249
-54.75,-6.25,Station_192_250
-54.25,-6.25,Station_192_251
-53.75,-6.25,Station_192_252
-53.25,-6.25,Station_192_253
-52.75,-6.25,Station_192_254
-52.25,-6.25,Station_192_255
-51.75,-6.25,Station_192_256
-51.25,-6.25,Station_192_257
-50.75,-6.25,Station_192_258
-50.25,-6.25,Station_192_259
-49.75,-6.25,Station_192_260
-77.25,-6.75,Station_193_205
-76.75,-6.75,Station_193_206
-75.75,-6.75,Station_193_208
-75.25,-6.75,Station_193_209
-74.75,-6.75,Station_193_210
-74.25,-6.75,Station_193_211
-73.75,-6.75,Station_193_212
-73.25,-6.75,Station_193_213
-72.75,-6.75,Station_193_214
-72.25,-6.75,Station_193_215
-71.75,-6.75,Station_193_216
-71.25,-6.75,Station_193_217
-70.75,-6.75,Station_193_218
-70.25,-6.75,Station_193_219
-69.75,-6.75,Station_193_220
-69.25,-6.75,Station_193_221
-68.75,-6.75,Station_193_222
-68.25,-6.75,Station_193_223
-67.75,-6.75,Station_193_224
-67.25,-6.75,Station_193_225
-66.75,-6.75,Station_193_226
-66.25,-6.75,Station_193_227
-65.75,-6.75,Station_193_228
-65.25,-6.75,Station_193_229
-64.75,-6.75,Station_193_230
-64.25,-6.75,Station_193_231
-63.75,-6.75,Station_193_232
-63.25,-6.75,Station_193_233
-62.75,-6.75,Station_193_234
-62.25,-6.75,Station_193_235
-61.75,-6.75,Station_193_236
-61.25,-6.75,Station_193_237
-60.75,-6.75,Station_193_238
-60.25,-6.75,Station_193_239
-59.75,-6.75,Station_193_240
-59.25,-6.75,Station_193_241
-58.75,-6.75,Station_193_242
-58.25,-6.75,Station_193_243
-57.75,-6.75,Station_193_244
-57.25,-6.75,Station_193_245
-56.75,-6.75,Station_193_246
-56.25,-6.75,Station_193_247
-55.75,-6.75,Station_193_248
-55.25,-6.75,Station_193_249
-54.75,-6.75,Station_193_250
-54.25,-6.75,Station_193_251
-53.75,-6.75,Station_193_252
-53.25,-6.75,Station_193_253
-52.75,-6.75,Station_193_254
-52.25,-6.75,Station_193_255
-51.75,-6.75,Station_193_256
-51.25,-6.75,Station_193_257
-50.75,-6.75,Station_193_258
-76.75,-7.25,Station_194_206
-76.25,-7.25,Station_194_207
-75.75,-7.25,Station_194_208
-75.25,-7.25,Station_194_209
-74.75,-7.25,Station_194_210
-74.25,-7.25,Station_194_211
-73.75,-7.25,Station_194_212
-73.25,-7.25,Station_194_213
-72.75,-7.25,Station_194_214
-72.25,-7.25,Station_194_215
-71.75,-7.25,Station_194_216
-71.25,-7.25,Station_194_217
-70.75,-7.25,Station_194_218
-70.25,-7.25,Station_194_219
-69.75,-7.25,Station_194_220
-69.25,-7.25,Station_194_221
-68.75,-7.25,Station_194_222
-68.25,-7.25,Station_194_223
-67.75,-7.25,Station_194_224
-67.25,-7.25,Station_194_225
-66.75,-7.25,Station_194_226
-66.25,-7.25,Station_194_227
-65.75,-7.25,Station_194_228
-65.25,-7.25,Station_194_229
-64.75,-7.25,Station_194_230
-64.25,-7.25,Station_194_231
-63.75,-7.25,Station_194_232
-63.25,-7.25,Station_194_233
-62.75,-7.25,Station_194_234
-62.25,-7.25,Station_194_235
-61.75,-7.25,Station_194_236
-61.25,-7.25,Station_194_237
-60.75,-7.25,Station_194_238
-60.25,-7.25,Station_194_239
-59.75,-7.25,Station_194_240
-59.25,-7.25,Station_194_241
-58.75,-7.25,Station_194_242
-58.25,-7.25,Station_194_243
-57.75,-7.25,Station_194_244
-57.25,-7.25,Station_194_245
-56.75,-7.25,Station_194_246
-56.25,-7.25,Station_194_247
-55.75,-7.25,Station_194_248
-55.25,-7.25,Station_194_249
-54.75,-7.25,Station_194_250
-54.25,-7.25,Station_194_251
-53.75,-7.25,Station_194_252
-53.25,-7.25,Station_194_253
-52.75,-7.25,Station_194_254
-52.25,-7.25,Station_194_255
-51.75,-7.25,Station_194_256
-51.25,-7.25,Station_194_257
-50.75,-7.25,Station_194_258
-76.75,-7.75,Station_195_206
-76.25,-7.75,Station_195_207
-75.75,-7.75,Station_195_208
-75.25,-7.75,Station_195_209
-74.75,-7.75,Station_195_210
-74.25,-7.75,Station_195_211
-73.75,-7.75,Station_195_212
-73.25,-7.75,Station_195_213
-72.75,-7.75,Station_195_214
-72.25,-7.75,Station_195_215
-71.75,-7.75,Station_195_216
-71.25,-7.75,Station_195_217
-70.75,-7.75,Station_195_218
-70.25,-7.75,Station_195_219
-69.75,-7.75,Station_195_220
-69.25,-7.75,Station_195_221
-68.75,-7.75,Station_195_222
-68.25,-7.75,Station_195_223
-67.75,-7.75,Station_195_224
-67.25,-7.75,Station_195_225
-66.75,-7.75,Station_195_226
-66.25,-7.75,Station_195_227
-65.75,-7.75,Station_195_228
-65.25,-7.75,Station_195_229
-64.75,-7.75,Station_195_230
-64.25,-7.75,Station_195_231
-63.75,-7.75,Station_195_232
-63.25,-7.75,Station_195_233
-62.75,-7.75,Station_195_234
-62.25,-7.75,Station_195_235
-61.75,-7.75,Station_195_236
-61.25,-7.75,Station_195_237
-60.75,-7.75,Station_195_238
-60.25,-7.75,Station_195_239
-59.75,-7.75,Station_195_240
-59.25,-7.75,Station_195_241
-58.75,-7.75,Station_195_242
-58.25,-7.75,Station_195_243
-57.75,-7.75,Station_195_244
-57.25,-7.75,Station_195_245
-56.75,-7.75,Station_195_246
-56.25,-7.75,Station_195_247
-55.75,-7.75,Station_195_248
-55.25,-7.75,Station_195_249
-54.75,-7.75,Station_195_250
-54.25,-7.75,Station_195_251
-53.75,-7.75,Station_195_252
-53.25,-7.75,Station_195_253
-52.75,-7.75,Station_195_254
-52.25,-7.75,Station_195_255
-51.75,-7.75,Station_195_256
-51.25,-7.75,Station_195_257
-50.75,-7.75,Station_195_258
-76.25,-8.25,Station_196_207
-75.75,-8.25,Station_196_208
-75.25,-8.25,Station_196_209
-74.75,-8.25,Station_196_210
-73.75,-8.25,Station_196_212
-73.25,-8.25,Station_196_213
-72.75,-8.25,Station_196_214
-72.25,-8.25,Station_196_215
-71.75,-8.25,Station_196_216
-71.25,-8.25,Station_196_217
-70.75,-8.25,Station_196_218
-70.25,-8.25,Station_196_219
-69.75,-8.25,Station_196_220
-69.25,-8.25,Station_196_221
-68.75,-8.25,Station_196_222
-68.25,-8.25,Station_196_223
-67.75,-8.25,Station_196_224
-67.25,-8.25,Station_196_225
-66.75,-8.25,Station_196_226
-66.25,-8.25,Station_196_227
-65.75,-8.25,Station_196_228
-65.25,-8.25,Station_196_229
-64.75,-8.25,Station_196_230
-64.25,-8.25,Station_196_231
-63.75,-8.25,Station_196_232
-63.25,-8.25,Station_196_233
-62.75,-8.25,Station_196_234
-62.25,-8.25,Station_196_235
-61.75,-8.25,Station_196_236
-61.25,-8.25,Station_196_237
-60.75,-8.25,Station_196_238
-60.25,-8.25,Station_196_239
-59.75,-8.25,Station_196_240
-59.25,-8.25,Station_196_241
-58.75,-8.25,Station_196_242
-58.25,-8.25,Station_196_243
-57.75,-8.25,Station_196_244
-57.25,-8.25,Station_196_245
-56.75,-8.25,Station_196_246
-56.25,-8.25,Station_196_247
-55.75,-8.25,Station_196_248
-55.25,-8.25,Station_196_249
-54.75,-8.25,Station_196_250
-54.25,-8.25,Station_196_251
-53.75,-8.25,Station_196_252
-53.25,-8.25,Station_196_253
-52.75,-8.25,Station_196_254
-52.25,-8.25,Station_196_255
-51.75,-8.25,Station_196_256
-51.25,-8.25,Station_196_257
-50.75,-8.25,Station_196_258
-76.25,-8.75,Station_197_207
-75.75,-8.75,Station_197_208
-75.25,-8.75,Station_197_209
-74.75,-8.75,Station_197_210
-74.25,-8.75,Station_197_211
-73.25,-8.75,Station_197_213
-72.75,-8.75,Station_197_214
-72.25,-8.75,Station_197_215
-71.75,-8.75,Station_197_216
-71.25,-8.75,Station_197_217
-70.75,-8.75,Station_197_218
-70.25,-8.75,Station_197_219
-69.75,-8.75,Station_197_220
-69.25,-8.75,Station_197_221
-68.75,-8.75,Station_197_222
-68.25,-8.75,Station_197_223
-67.75,-8.75,Station_197_224
-67.25,-8.75,Station_197_225
-66.75,-8.75,Station_197_226
-66.25,-8.75,Station_197_227
-65.75,-8.75,Station_197_228
-65.25,-8.75,Station_197_229
-64.75,-8.75,Station_197_230
-64.25,-8.75,Station_197_231
-63.75,-8.75,Station_197_232
-63.25,-8.75,Station_197_233
-62.75,-8.75,Station_197_234
-62.25,-8.75,Station_197_235
-61.75,-8.75,Station_197_236
-61.25,-8.75,Station_197_237
-60.75,-8.75,Station_197_238
-60.25,-8.75,Station_197_239
-59.75,-8.75,Station_197_240
-59.25,-8.75,Station_197_241
-58.75,-8.75,Station_197_242
-58.25,-8.75,Station_197_243
-57.75,-8.75,Station_197_244
-57.25,-8.75,Station_197_245
-56.75,-8.75,Station_197_246
-56.25,-8.75,Station_197_247
-55.75,-8.75,Station_197_248
-55.25,-8.75,Station_197_249
-54.75,-8.75,Station_197_250
-54.25,-8.75,Station_197_251
-53.75,-8.75,Station_197_252
-53.25,-8.75,Station_197_253
-52.75,-8.75,Station_197_254
-52.25,-8.75,Station_197_255
-51.75,-8.75,Station_197_256
-51.25,-8.75,Station_197_257
-50.75,-8.75,Station_197_258
-50.25,-8.75,Station_197_259
-49.75,-8.75,Station_197_260
-76.25,-9.25,Station_198_207
-75.75,-9.25,Station_198_208
-75.25,-9.25,Station_198_209
-74.75,-9.25,Station_198_210
-74.25,-9.25,Station_198_211
-73.75,-9.25,Station_198_212
-73.25,-9.25,Station_198_213
-72.75,-9.25,Station_198_214
-72.25,-9.25,Station_198_215
-71.75,-9.25,Station_198_216
-71.25,-9.25,Station_198_217
-70.75,-9.25,Station_198_218
-70.25,-9.25,Station_198_219
-69.75,-9.25,Station_198_220
-69.25,-9.25,Station_198_221
-68.75,-9.25,Station_198_222
-68.25,-9.25,Station_198_223
-67.75,-9.25,Station_198_224
-67.25,-9.25,Station_198_225
-66.75,-9.25,Station_198_226
-66.25,-9.25,Station_198_227
-65.75,-9.25,Station_198_228
-65.25,-9.25,Station_198_229
-64.75,-9.25,Station_198_230
-64.25,-9.25,Station_198_231
-63.75,-9.25,Station_198_232
-63.25,-9.25,Station_198_233
-62.75,-9.25,Station_198_234
-62.25,-9.25,Station_198_235
-61.75,-9.25,Station_198_236
-61.25,-9.25,Station_198_237
-60.75,-9.25,Station_198_238
-60.25,-9.25,Station_198_239
-59.75,-9.25,Station_198_240
-59.25,-9.25,Station_198_241
-58.75,-9.25,Station_198_242
-58.25,-9.25,Station_198_243
-57.75,-9.25,Station_198_244
-57.25,-9.25,Station_198_245
-56.75,-9.25,Station_198_246
-56.25,-9.25,Station_198_247
-55.75,-9.25,Station_198_248
-55.25,-9.25,Station_198_249
-54.75,-9.25,Station_198_250
-54.25,-9.25,Station_198_251
-53.75,-9.25,Station_198_252
-53.25,-9.25,Station_198_253
-52.75,-9.25,Station_198_254
-52.25,-9.25,Station_198_255
-51.75,-9.25,Station_198_256
-51.25,-9.25,Station_198_257
-50.75,-9.25,Station_198_258
-50.25,-9.25,Station_198_259
-49.75,-9.25,Station_198_260
-75.75,-9.75,Station_199_208
-75.25,-9.75,Station_199_209
-74.75,-9.75,Station_199_210
-74.25,-9.75,Station_199_211
-73.25,-9.75,Station_199_213
-72.75,-9.75,Station_199_214
-72.25,-9.75,Station_199_215
-71.75,-9.75,Station_199_216
-71.25,-9.75,Station_199_217
-70.75,-9.75,Station_199_218
-70.25,-9.75,Station_199_219
-69.75,-9.75,Station_199_220
-69.25,-9.75,Station_199_221
-68.75,-9.75,Station_199_222
-68.25,-9.75,Station_199_223
-67.75,-9.75,Station_199_224
-67.25,-9.75,Station_199_225
-66.75,-9.75,Station_199_226
-66.25,-9.75,Station_199_227
-65.75,-9.75,Station_199_228
-65.25,-9.75,Station_199_229
-64.75,-9.75,Station_199_230
-64.25,-9.75,Station_199_231
-63.75,-9.75,Station_199_232
-63.25,-9.75,Station_199_233
-62.75,-9.75,Station_199_234
-62.25,-9.75,Station_199_235
-61.75,-9.75,Station_199_236
-61.25,-9.75,Station_199_237
-60.75,-9.75,Station_199_238
-60.25,-9.75,Station_199_239
-59.75,-9.75,Station_199_240
-59.25,-9.75,Station_199_241
-58.75,-9.75,Station_199_242
-58.25,-9.75,Station_199_243
-57.75,-9.75,Station_199_244
-57.25,-9.75,Station_199_245
-56.75,-9.75,Station_199_246
-56.25,-9.75,Station_199_247
-55.75,-9.75,Station_199_248
-55.25,-9.75,Station_199_249
-54.25,-9.75,Station_199_251
-53.75,-9.75,Station_199_252
-53.25,-9.75,Station_199_253
-52.75,-9.75,Station_199_254
-52.25,-9.75,Station_199_255
-51.75,-9.75,Station_199_256
-51.25,-9.75,Station_199_257
-50.25,-9.75,Station_199_259
-49.75,-9.75,Station_199_260
-75.25,-10.25,Station_200_209
-74.75,-10.25,Station_200_210
-74.25,-10.25,Station_200_211
-73.75,-10.25,Station_200_212
-73.25,-10.25,Station_200_213
-72.75,-10.25,Station_200_214
-72.25,-10.25,Station_200_215
-71.75,-10.25,Station_200_216
-71.25,-10.25,Station_200_217
-70.75,-10.25,Station_200_218
-70.25,-10.25,Station_200_219
-69.75,-10.25,Station_200_220
-69.25,-10.25,Station_200_221
-68.75,-10.25,Station_200_222
-68.25,-10.25,Station_200_223
-67.75,-10.25,Station_200_224
-67.25,-10.25,Station_200_225
-66.75,-10.25,Station_200_226
-66.25,-10.25,Station_200_227
-64.75,-10.25,Station_200_230
-64.25,-10.25,Station_200_231
-63.75,-10.25,Station_200_232
-63.25,-10.25,Station_200_233
-61.25,-10.25,Station_200_237
-60.75,-10.25,Station_200_238
-60.25,-10.25,Station_200_239
-59.75,-10.25,Station_200_240
-59.25,-10.25,Station_200_241
-58.75,-10.25,Station_200_242
-58.25,-10.25,Station_200_243
-57.75,-10.25,Station_200_244
-57.25,-10.25,Station_200_245
-56.75,-10.25,Station_200_246
-56.25,-10.25,Station_200_247
-54.25,-10.25,Station_200_251
-53.75,-10.25,Station_200_252
-53.25,-10.25,Station_200_253
-52.75,-10.25,Station_200_254
-51.75,-10.25,Station_200_256
-51.25,-10.25,Station_200_257
-50.75,-10.25,Station_200_258
-50.25,-10.25,Station_200_259
-74.75,-10.75,Station_201_210
-74.25,-10.75,Station_201_211
-73.75,-10.75,Station_201_212
-73.25,-10.75,Station_201_213
-72.75,-10.75,Station_201_214
-72.25,-10.75,Station_201_215
-71.75,-10.75,Station_201_216
-71.25,-10.75,Station_201_217
-70.75,-10.75,Station_201_218
-70.25,-10.75,Station_201_219
-69.75,-10.75,Station_201_220
-69.25,-10.75,Station_201_221
-68.75,-10.75,Station_201_222
-68.25,-10.75,Station_201_223
-67.75,-10.75,Station_201_224
-67.25,-10.75,Station_201_225
-66.75,-10.75,Station_201_226
-66.25,-10.75,Station_201_227
-65.75,-10.75,Station_201_228
-65.25,-10.75,Station_201_229
-64.75,-10.75,Station_201_230
-64.25,-10.75,Station_201_231
-63.75,-10.75,Station_201_232
-63.25,-10.75,Station_201_233
-62.75,-10.75,Station_201_234
-62.25,-10.75,Station_201_235
-61.25,-10.75,Station_201_237
-60.75,-10.75,Station_201_238
-60.25,-10.75,Station_201_239
-59.75,-10.75,Station_201_240
-59.25,-10.75,Station_201_241
-58.75,-10.75,Station_201_242
-58.25,-10.75,Station_201_243
-57.75,-10.75,Station_201_244
-57.25,-10.75,Station_201_245
-56.75,-10.75,Station_201_246
-56.25,-10.75,Station_201_247
-55.75,-10.75,Station_201_248
-54.25,-10.75,Station_201_251
-53.75,-10.75,Station_201_252
-53.25,-10.75,Station_201_253
-52.75,-10.75,Station_201_254
-51.75,-10.75,Station_201_256
-51.25,-10.75,Station_201_257
-50.75,-10.75,Station_201_258
-74.75,-11.25,Station_202_210
-74.25,-11.25,Station_202_211
-73.75,-11.25,Station_202_212
-73.25,-11.25,Station_202_213
-72.75,-11.25,Station_202_214
-72.25,-11.25,Station_202_215
-71.75,-11.25,Station_202_216
-71.25,-11.25,Station_202_217
-70.75,-11.25,Station_202_218
-70.25,-11.25,Station_202_219
-69.75,-11.25,Station_202_220
-69.25,-11.25,Station_202_221
-68.75,-11.25,Station_202_222
-68.25,-11.25,Station_202_223
-66.75,-11.25,Station_202_226
-66.25,-11.25,Station_202_227
-65.75,-11.25,Station_202_228
-65.25,-11.25,Station_202_229
-64.75,-11.25,Station_202_230
-64.25,-11.25,Station_202_231
-63.75,-11.25,Station_202_232
-63.25,-11.25,Station_202_233
-62.75,-11.25,Station_202_234
-62.25,-11.25,Station_202_235
-60.75,-11.25,Station_202_238
-60.25,-11.25,Station_202_239
-59.75,-11.25,Station_202_240
-59.25,-11.25,Station_202_241
-58.75,-11.25,Station_202_242
-58.25,-11.25,Station_202_243
-57.75,-11.25,Station_202_244
-57.25,-11.25,Station_202_245
-56.75,-11.25,Station_202_246
-56.25,-11.25,Station_202_247
-55.75,-11.25,Station_202_248
-55.25,-11.25,Station_202_249
-54.75,-11.25,Station_202_250
-54.25,-11.25,Station_202_251
-53.75,-11.25,Station_202_252
-53.25,-11.25,Station_202_253
-52.75,-11.25,Station_202_254
-52.25,-11.25,Station_202_255
-51.25,-11.25,Station_202_257
-74.25,-11.75,Station_203_211
-73.75,-11.75,Station_203_212
-73.25,-11.75,Station_203_213
-72.75,-11.75,Station_203_214
-72.25,-11.75,Station_203_215
-71.75,-11.75,Station_203_216
-71.25,-11.75,Station_203_217
-70.75,-11.75,Station_203_218
-70.25,-11.75,Station_203_219
-69.75,-11.75,Station_203_220
-69.25,-11.75,Station_203_221
-68.75,-11.75,Station_203_222
-68.25,-11.75,Station_203_223
-67.75,-11.75,Station_203_224
-67.25,-11.75,Station_203_225
-66.75,-11.75,Station_203_226
-66.25,-11.75,Station_203_227
-65.75,-11.75,Station_203_228
-64.75,-11.75,Station_203_230
-64.25,-11.75,Station_203_231
-63.75,-11.75,Station_203_232
-63.25,-11.75,Station_203_233
-62.75,-11.75,Station_203_234
-62.25,-11.75,Station_203_235
-60.75,-11.75,Station_203_238
-60.25,-11.75,Station_203_239
-59.75,-11.75,Station_203_240
-59.25,-11.75,Station_203_241
-58.75,-11.75,Station_203_242
-58.25,-11.75,Station_203_243
-57.75,-11.75,Station_203_244
-57.25,-11.75,Station_203_245
-56.75,-11.75,Station_203_246
-56.25,-11.75,Station_203_247
-55.75,-11.75,Station_203_248
-55.25,-11.75,Station_203_249
-54.75,-11.75,Station_203_250
-54.25,-11.75,Station_203_251
-53.75,-11.75,Station_203_252
-53.25,-11.75,Station_203_253
-52.75,-11.75,Station_203_254
-52.25,-11.75,Station_203_255
-51.75,-11.75,Station_203_256
-51.25,-11.75,Station_203_257
-73.75,-12.25,Station_204_212
-73.25,-12.25,Station_204_213
-72.75,-12.25,Station_204_214
-72.25,-12.25,Station_204_215
-71.75,-12.25,Station_204_216
-71.25,-12.25,Station_204_217
-70.75,-12.25,Station_204_218
-70.25,-12.25,Station_204_219
-69.75,-12.25,Station_204_220
-69.25,-12.25,Station_204_221
-68.75,-12.25,Station_204_222
-68.25,-12.25,Station_204_223
-67.75,-12.25,Station_204_224
-67.25,-12.25,Station_204_225
-66.75,-12.25,Station_204_226
-65.75,-12.25,Station_204_228
-63.75,-12.25,Station_204_232
-63.25,-12.25,Station_204_233
-62.75,-12.25,Station_204_234
-62.25,-12.25,Station_204_235
-61.75,-12.25,Station_204_236
-61.25,-12.25,Station_204_237
-60.75,-12.25,Station_204_238
-60.25,-12.25,Station_204_239
-59.75,-12.25,Station_204_240
-59.25,-12.25,Station_204_241
-58.75,-12.25,Station_204_242
-58.25,-12.25,Station_204_243
-57.75,-12.25,Station_204_244
-57.25,-12.25,Station_204_245
-56.75,-12.25,Station_204_246
-56.25,-12.25,Station_204_247
-55.25,-12.25,Station_204_249
-54.75,-12.25,Station_204_250
-54.25,-12.25,Station_204_251
-53.75,-12.25,Station_204_252
-53.25,-12.25,Station_204_253
-52.75,-12.25,Station_204_254
-52.25,-12.25,Station_204_255
-51.75,-12.25,Station_204_256
-49.75,-12.25,Station_204_260
-73.25,-12.75,Station_205_213
-72.75,-12.75,Station_205_214
-72.25,-12.75,Station_205_215
-71.75,-12.75,Station_205_216
-71.25,-12.75,Station_205_217
-70.75,-12.75,Station_205_218
-70.25,-12.75,Station_205_219
-69.75,-12.75,Station_205_220
-69.25,-12.75,Station_205_221
-68.25,-12.75,Station_205_223
-67.75,-12.75,Station_205_224
-62.75,-12.75,Station_205_234
-62.25,-12.75,Station_205_235
-61.75,-12.75,Station_205_236
-61.25,-12.75,Station_205_237
-60.25,-12.75,Station_205_239
-59.75,-12.75,Station_205_240
-57.75,-12.75,Station_205_244
-57.25,-12.75,Station_205_245
-56.75,-12.75,Station_205_246
-56.25,-12.75,Station_205_247
-55.25,-12.75,Station_205_249
-54.75,-12.75,Station_205_250
-54.25,-12.75,Station_205_251
-53.75,-12.75,Station_205_252
-53.25,-12.75,Station_205_253
-52.75,-12.75,Station_205_254
-52.25,-12.75,Station_205_255
-51.75,-12.75,Station_205_256
-70.75,-13.25,Station_206_218
-70.25,-13.25,Station_206_219
-69.75,-13.25,Station_206_220
-69.25,-13.25,Station_206_221
-68.75,-13.25,Station_206_222
-68.25,-13.25,Station_206_223
-67.75,-13.25,Station_206_224
-61.75,-13.25,Station_206_236
-60.75,-13.25,Station_206_238
-59.75,-13.25,Station_206_240
-59.25,-13.25,Station_206_241
-57.75,-13.25,Station_206_244
-57.25,-13.25,Station_206_245
-56.75,-13.25,Station_206_246
-56.25,-13.25,Station_206_247
-55.75,-13.25,Station_206_248
-55.25,-13.25,Station_206_249
-54.75,-13.25,Station_206_250
-54.25,-13.25,Station_206_251
-53.75,-13.25,Station_206_252
-53.25,-13.25,Station_206_253
-52.75,-13.25,Station_206_254
-69.75,-13.75,Station_207_220
-69.25,-13.75,Station_207_221
-68.75,-13.75,Station_207_222
-68.25,-13.75,Station_207_223
-67.75,-13.75,Station_207_224
-61.75,-13.75,Station_207_236
-61.25,-13.75,Station_207_237
-60.75,-13.75,Station_207_238
-60.25,-13.75,Station_207_239
-59.75,-13.75,Station_207_240
-59.25,-13.75,Station_207_241
-56.75,-13.75,Station_207_246
-56.25,-13.75,Station_207_247
-55.75,-13.75,Station_207_248
-55.25,-13.75,Station_207_249
-54.75,-13.75,Station_207_250
-68.75,-14.25,Station_208_222
-68.25,-14.25,Station_208_223
-67.75,-14.25,Station_208_224
-67.25,-14.25,Station_208_225
-62.75,-14.25,Station_208_234
-61.75,-14.25,Station_208_236
-61.25,-14.25,Station_208_237
-60.75,-14.25,Station_208_238
-60.25,-14.25,Station_208_239
-59.25,-14.25,Station_208_241
-55.75,-14.25,Station_208_248
-68.25,-14.75,Station_209_223
-67.75,-14.75,Station_209_224
-67.25,-14.75,Station_209_225
-66.75,-14.75,Station_209_226
-62.75,-14.75,Station_209_234
-62.25,-14.75,Station_209_235
-61.75,-14.75,Station_209_236
-61.25,-14.75,Station_209_237
-60.75,-14.75,Station_209_238
-60.25,-14.75,Station_209_239
-59.75,-14.75,Station_209_240
-57.25,-14.75,Station_209_245
-68.25,-15.25,Station_210_223
-67.75,-15.25,Station_210_224
-67.25,-15.25,Station_210_225
-66.75,-15.25,Station_210_226
-66.25,-15.25,Station_210_227
-62.75,-15.25,Station_210_234
-62.25,-15.25,Station_210_235
-61.75,-15.25,Station_210_236
-61.25,-15.25,Station_210_237
-60.75,-15.25,Station_210_238
-60.25,-15.25,Station_210_239
-59.75,-15.25,Station_210_240
-56.75,-15.25,Station_210_246
-67.75,-15.75,Station_211_224
-67.25,-15.75,Station_211_225
-66.75,-15.75,Station_211_226
-66.25,-15.75,Station_211_227
-65.75,-15.75,Station_211_228
-62.75,-15.75,Station_211_234
-62.25,-15.75,Station_211_235
-61.75,-15.75,Station_211_236
-61.25,-15.75,Station_211_237
-60.75,-15.75,Station_211_238
-60.25,-15.75,Station_211_239
-57.25,-15.75,Station_211_245
-56.75,-15.75,Station_211_246
-55.25,-15.75,Station_211_249
-54.25,-15.75,Station_211_251
-67.25,-16.25,Station_212_225
-66.75,-16.25,Station_212_226
-66.25,-16.25,Station_212_227
-65.75,-16.25,Station_212_228
-65.25,-16.25,Station_212_229
-63.25,-16.25,Station_212_233
-62.75,-16.25,Station_212_234
-62.25,-16.25,Station_212_235
-61.75,-16.25,Station_212_236
-61.25,-16.25,Station_212_237
-60.75,-16.25,Station_212_238
-60.25,-16.25,Station_212_239
-66.25,-16.75,Station_213_227
-65.75,-16.75,Station_213_228
-65.25,-16.75,Station_213_229
-64.75,-16.75,Station_213_230
-64.25,-16.75,Station_213_231
-63.75,-16.75,Station_213_232
-63.25,-16.75,Station_213_233
-62.75,-16.75,Station_213_234
-62.25,-16.75,Station_213_235
-61.75,-16.75,Station_213_236
-61.25,-16.75,Station_213_237
-60.75,-16.75,Station_213_238
-65.25,-17.25,Station_214_229
-64.75,-17.25,Station_214_230
-64.25,-17.25,Station_214_231
-63.75,-17.25,Station_214_232
-61.75,-17.25,Station_214_236
-61.25,-17.25,Station_214_237
-60.75,-17.25,Station_214_238
-60.25,-17.25,Station_214_239
-64.25,-17.75,Station_215_231
-63.75,-17.75,Station_215_232
-63.25,-17.75,Station_215_233
-61.75,-17.75,Station_215_236
-61.25,-17.75,Station_215_237
-60.75,-17.75,Station_215_238
-63.75,-18.25,Station_216_232
-63.25,-18.25,Station_216_233
-62.75,-18.25,Station_216_234
-62.25,-18.25,Station_216_235
-61.75,-18.25,Station_216_236
-61.25,-18.25,Station_216_237
-60.75,-18.25,Station_216_238
-64.25,-18.75,Station_217_231
-63.75,-18.75,Station_217_232
-63.25,-18.75,Station_217_233
-62.75,-18.75,Station_217_234
-62.25,-18.75,Station_217_235
-61.75,-18.75,Station_217_236
-61.25,-18.75,Station_217_237
-63.75,-19.25,Station_218_232
-63.25,-19.25,Station_218_233
-62.75,-19.25,Station_218_234
-63.75,-19.75,Station_219_232
-63.25,-19.75,Station_219_233
-62.75,-19.75,Station_219_234
